Record Id,Submitted,Institution,Type (from Notes),County,Spreadsheet,Civil Service Code,Job Title,Starting Salary,Current Salary,Hours/Week,Full Time Hours,Education Required,Number of Staff Supervised (direct and indirect reports),Years of Experience,Spreadsheet Received,PT-FT
155,5/13/2024 1:27pm,Molloy University - James E. Tobin Library,Academic Library,,,,Program Coordinator,,"$50,000.00 ",35,35,Bachelors Only,0,,,
165,5/14/2024 10:24am,Suffolk County Community College Library - Ammerman,Academic Library,,,,Professor of Library Services,,"$143,215.00 ",35,35,"MLIS,Other Masters",2,,,
170,5/14/2024 2:04pm,St. Joseph's University - Callahan Library,Academic Library,,,,Curriculum Librarian,,"$70,000.00 ",35,35,MLIS,0,,,
174,5/15/2024 11:41am,St. Joseph's University - Callahan Library,Academic Library,,,,Librarian,,$36.00 ,28,0,MLIS,0,,,
180,5/20/2024 8:08am,US Merchant Marine Academy - Bland Memorial Library,Academic Library,,,,Reference Librarian,,"$77,493.00 ",40,40,"MLIS,Other Masters",0,,,
182,5/20/2024 8:28am,Stony Brook University - Melville Library,Academic Library,,,,Senior Assistant Librarian,,"$80,459.00 ",40,37.5,MLIS,0,,,
185,5/20/2024 9:15am,St. Joseph's University - Callahan Library,Academic Library,,,,Archivist,,"$74,880.00 ",10,40,MLIS,0,,,
186,5/20/2024 9:24am,Stony Brook University - Melville Library,Academic Library,,,,Resource Sharing Coordinator`,,"$54,000.00 ",37.5,37.5,"Bachelors Only,Other Masters",5,,,
188,5/20/2024 10:52am,Nassau Community College Library,Academic Library,,,,Professor,,"$135,000.00 ",33.8,33.8,MLIS,0,,,
248,5/28/2024 11:20am,Stony Brook University - Melville Library,Academic Library,,,,Instructional Support Technician,,"$69,492.00 ",37.5,37.5,Bachelors Only,0,,,
249,5/28/2024 11:21am,US Merchant Marine Academy - Bland Memorial Library,Academic Library,,,,Reference Librarian,,"$77,000.00 ",40,40,"MLIS,Other Masters",0,,,
254,5/28/2024 12:27pm,Farmingdale State College - Greenley Library,Academic Library,,,,Library Director,,"$109,000.00 ",40,40,MLIS,20,,,
261,5/29/2024 9:24am,Stony Brook University - Melville Library,Academic Library,,,,Instructional Support Technician,,,40,40,High School Only,0,,,
270,5/29/2024 4:53pm,New York Institute of Technology - Wisser Library,Academic Library,,,,Librarian,,,40,40,"MLIS,Other Masters",1,,,
271,5/30/2024 12:22pm,St. Joseph's University - Callahan Library,Academic Library,,,,Executive Director of Libraries,,"$99,850.00 ",,,"MLIS,Doctorate",30,,,Full Time
272,5/30/2024 12:43pm,Suffolk  County Historical Society Library Archives,Historical Society or Museum,,,,Head Librarian ,,"$49,000.00 ",,,MLIS,3,,,Part Time
157,5/13/2024 2:25pm,Nassau University Medical Center Library,Hospital Library,,,,Medical Librarian,,"$92,000.00 ",35,1834,MLIS,1,,,
171,5/14/2024 2:07pm,St. Francis Hospital & Heart Center,Hospital Library,,,,Medical Librarian,,"$89,090.24 ",35.5,35.5,MLIS,0,,,
153,5/13/2024 1:21pm,Western Suffolk BOCES School Library System,Library System,,,,Library Media Specialist,,"$155,000.00 ",35,35,MLIS,2,,,
156,5/13/2024 1:57pm,Western Suffolk BOCES School Library System,Library System,,,,school librarian,,"$155,000.00 ",35,35,MLIS,1,,,
159,5/13/2024 3:24pm,Western Suffolk BOCES School Library System,Library System,,,,Director,,"$101,003.00 ",37.5,7.5,"MLIS,Other Masters",0.5,,,
160,5/13/2024 3:31pm,Western Suffolk BOCES School Library System,Library System,,,,Elementary Library Media Specialist,,"$67,000.00 ",40,40,MLIS,1,,,
161,5/13/2024 4:01pm,Western Suffolk BOCES School Library System,Library System,,,,Library Media Specialist,,"$78,000.00 ",35,35,MLIS,0.5,,,
162,5/14/2024 7:55am,Western Suffolk BOCES School Library System,Library System,,,,School Media Specialist,,"$76,575.54 ",35,35,MLIS,1,,,
163,5/14/2024 8:44am,Western Suffolk BOCES School Library System,Library System,,,,librarian,,,40,40,MLIS,0,,,
164,5/14/2024 9:10am,Western Suffolk BOCES School Library System,Library System,,,,School Media Specialist,,,40,40,MLIS,1,,,
177,5/16/2024 1:14pm,Western Suffolk BOCES School Library System,Library System,,,,Library Media Specialist,,"$66,000.00 ",35,35,"MLIS,Other Masters",0,,,
181,5/20/2024 8:27am,Eastern Suffolk BOCES School Library System,Library System,,,,School Media Specialist,,"$96,015.00 ",35,35,MLIS,0,,,
183,5/20/2024 8:41am,Eastern Suffolk BOCES School Library System,Library System,,,,School Media Specialist,,"$141,641.00 ",35,35,MLIS,0,,,
184,5/20/2024 8:42am,Eastern Suffolk BOCES School Library System,Library System,,,,School Media Specialist 18 years,,"$116,500.00 ",35,35,"Other Masters,MLIS",1,,,
189,5/20/2024 12:15pm,Western Suffolk BOCES School Library System,Library System,,,,School Library Media Specialist,,"$113,000.00 ",40,8304,"Other Masters,MLIS",0.5,,,
191,5/20/2024 1:29pm,Western Suffolk BOCES School Library System,Library System,,,,School Library Media Specialists,,"$78,000.00 ",40,720,Other Masters,3,,,
193,5/21/2024 3:17pm,Western Suffolk BOCES School Library System,Library System,,,,Librarian,,"$70,110.00 ",35,35,"High School Only,Bachelors Only,Other Masters",0,,,
197,5/28/2024 8:41am,Nassau Library System,Library System,,,,Library Director,,"$117,778.00 ",35,35,MLIS,25,,,
198,5/28/2024 8:43am,Nassau Library System,Library System,,,,Librarian II,,"$105,087.00 ",35,35,MLIS,20,,,
199,5/28/2024 8:44am,Nassau Library System,Library System,,,,Librarian I,,"$91,109.00 ",35,35,MLIS,10,,,
200,5/28/2024 8:48am,Nassau Library System,Library System,,,,Senior Library Clerk,,"$61,825.00 ",35,35,High School Only,5,,,
201,5/28/2024 8:49am,Nassau Library System,Library System,,,,Account Clerk,,"$70,325.00 ",35,35,High School Only,5,,,
202,5/28/2024 8:49am,Nassau Library System,Library System,,,,Library Aide,,"$74,019.00 ",35,35,High School Only,0,,,
203,5/28/2024 8:50am,Nassau Library System,Library System,,,,Clerical Aide P/H,,"$58,440.00 ",35,35,High School Only,0,,,
204,5/28/2024 8:52am,Nassau Library System,Library System,,,,Typist-Clerk P/T,,"$27,024.00 ",17,35,High School Only,0,,,
205,5/28/2024 8:52am,Nassau Library System,Library System,,,,Library Page P/T,,"$15,744.00 ",17,35,High School Only,0,,,
206,5/28/2024 9:16am,Nassau Library System,Library System,,,,Director,,"$99,075.00 ",40,40,MLIS,20,,,
208,5/28/2024 9:35am,Suffolk Cooperative Library System,Library System,,,,Librarian I,,"$93,525.00 ",35,35,MLIS,0,,,
209,5/28/2024 9:42am,Suffolk Cooperative Library System,Library System,,,,Librarian II,,"$85,424.00 ",35,35,MLIS,2,,,
210,5/28/2024 9:42am,Suffolk Cooperative Library System,Library System,,,,Librarian I,,"$86,089.00 ",35,35,MLIS,0,,,
211,5/28/2024 9:43am,Suffolk Cooperative Library System,Library System,,,,Librarian II,,"$83,097.00 ",35,35,MLIS,5,,,
212,5/28/2024 9:45am,Suffolk Cooperative Library System,Library System,,,,Librarian III,,"$113,229.00 ",35,35,MLIS,12,,,
213,5/28/2024 9:45am,Suffolk Cooperative Library System,Library System,,,,Librarian II,,"$103,641.00 ",35,35,MLIS,5,,,
214,5/28/2024 9:46am,Suffolk Cooperative Library System,Library System,,,,Librarian II,,"$78,632.00 ",35,35,MLIS,5,,,
215,5/28/2024 9:46am,Suffolk Cooperative Library System,Library System,,,,Librarian I,,"$72,944.00 ",35,35,MLIS,0,,,
216,5/28/2024 9:47am,Suffolk Cooperative Library System,Library System,,,,Librarian II,,"$92,803.00 ",35,35,MLIS,0,,,
217,5/28/2024 9:48am,Suffolk Cooperative Library System,Library System,,,,Librarian II,,"$115,746.00 ",35,35,MLIS,0,,,
218,5/28/2024 9:48am,Suffolk Cooperative Library System,Library System,,,,Librarian I,,"$83,745.00 ",35,35,MLIS,0,,,
219,5/28/2024 9:49am,Suffolk Cooperative Library System,Library System,,,,Librarian I,,"$70,958.00 ",35,35,MLIS,0,,,
220,5/28/2024 9:50am,Suffolk Cooperative Library System,Library System,,,,Librarian III,,"$104,227.00 ",35,35,MLIS,3,,,
221,5/28/2024 9:51am,Suffolk Cooperative Library System,Library System,,,,Librarian I,,"$77,086.00 ",35,35,MLIS,0,,,
222,5/28/2024 9:52am,Suffolk Cooperative Library System,Library System,,,,Librarian II,,"$87,816.00 ",35,35,MLIS,0,,,
223,5/28/2024 9:52am,Suffolk Cooperative Library System,Library System,,,,Librarian III,,"$104,227.00 ",35,35,MLIS,12,,,
224,5/28/2024 9:54am,Suffolk Cooperative Library System,Library System,,,,Librarian I,,"$72,944.00 ",35,35,MLIS,0,,,
225,5/28/2024 9:54am,Suffolk Cooperative Library System,Library System,,,,Librarian I,,"$72,944.00 ",35,35,MLIS,0,,,
226,5/28/2024 9:55am,Suffolk Cooperative Library System,Library System,,,,Librarian II,,"$90,275.00 ",35,35,MLIS,5,,,
227,5/28/2024 9:56am,Suffolk Cooperative Library System,Library System,,,,Library Clerk,,"$47,891.00 ",35,35,High School Only,0,,,
228,5/28/2024 9:56am,Suffolk Cooperative Library System,Library System,,,,Senior Library Clerk,,"$90,317.00 ",35,35,High School Only,0,,,
229,5/28/2024 9:57am,Suffolk Cooperative Library System,Library System,,,,Senior Library Clerk,,"$52,137.00 ",35,35,High School Only,0,,,
230,5/28/2024 9:57am,Suffolk Cooperative Library System,Library System,,,,Library Clerk,,"$53,484.00 ",35,35,High School Only,0,,,
231,5/28/2024 9:58am,Suffolk Cooperative Library System,Library System,,,,Library Clerk,,"$47,891.00 ",35,35,High School Only,0,,,
232,5/28/2024 9:58am,Suffolk Cooperative Library System,Library System,,,,Library Clerk,,"$45,318.00 ",35,35,High School Only,0,,,
233,5/28/2024 10:00am,Suffolk Cooperative Library System,Library System,,,,Principal Library Clerk,,"$75,114.00 ",35,35,High School Only,12,,,
234,5/28/2024 10:00am,Suffolk Cooperative Library System,Library System,,,,Senior Account Clerk,,"$73,913.00 ",35,35,High School Only,0,,,
235,5/28/2024 10:01am,Suffolk Cooperative Library System,Library System,,,,Network & System Administrator II,,"$129,994.00 ",35,35,Other Masters,3,,,
236,5/28/2024 10:02am,Suffolk Cooperative Library System,Library System,,,,Library Clerk,,"$64,890.00 ",35,35,High School Only,0,,,
237,5/28/2024 10:04am,Suffolk Cooperative Library System,Library System,,,,Network & System Technician,,"$69,776.00 ",35,35,High School Only,0,,,
238,5/28/2024 10:04am,Suffolk Cooperative Library System,Library System,,,,Senior Library Clerk,,"$47,992.00 ",35,35,High School Only,0,,,
239,5/28/2024 10:05am,Suffolk Cooperative Library System,Library System,,,,Library Clerk,,"$41,714.00 ",35,35,High School Only,0,,,
240,5/28/2024 10:05am,Suffolk Cooperative Library System,Library System,,,,Library Clerk,,"$41,714.00 ",35,35,High School Only,0,,,
241,5/28/2024 10:06am,Suffolk Cooperative Library System,Library System,,,,Business Manager,,"$93,000.00 ",35,35,Other Masters,3,,,
242,5/28/2024 10:06am,Suffolk Cooperative Library System,Library System,,,,Senior Library Clerk,,"$76,745.00 ",35,35,High School Only,0,,,
243,5/28/2024 10:07am,Suffolk Cooperative Library System,Library System,,,,Library Clerk,,"$41,714.00 ",35,35,High School Only,0,,,
244,5/28/2024 10:08am,Suffolk Cooperative Library System,Library System,,,,Custodial Worker I,,"$43,667.00 ",40,40,High School Only,0,,,
245,5/28/2024 10:08am,Suffolk Cooperative Library System,Library System,,,,Custodial Worker II,,"$83,560.00 ",40,40,High School Only,0,,,
246,5/28/2024 10:09am,Suffolk Cooperative Library System,Library System,,,,Custodial Supervisor,,"$121,489.00 ",40,40,High School Only,5,,,
247,5/28/2024 10:10am,Suffolk Cooperative Library System,Library System,,,,Custodial Worker I,,"$44,890.00 ",40,40,High School Only,0,,,
250,5/28/2024 11:46am,Nassau Library System,Library System,,,,Library Director,,"$95,000.00 ",35,35,MLIS,10,,,
252,5/28/2024 11:55am,Nassau Library System,Library System,,,,Director - Public Library - Village,,"$81,000.00 ",35,35,MLIS,21,,,
253,5/28/2024 11:59am,Western Suffolk BOCES School Library System,Library System,,,,School media Specialist ,,"$147,000.00 ",40,40,MLIS,0,,,
255,5/28/2024 12:37pm,Suffolk Cooperative Library System,Library System,,,,Director,,"$120,000.00 ",35,35,"High School Only,Bachelors Only,MLIS,Other Masters",15,,,
256,5/28/2024 1:31pm,Suffolk Cooperative Library System,Library System,,,,Library Director,,"$115,763.00 ",35,35,MLIS,42,,,
257,5/28/2024 2:46pm,Nassau Library System,Library System,,,,Director,,"$165,000.00 ",35,35,MLIS,45,,,
259,5/28/2024 6:56pm,Suffolk Cooperative Library System,Library System,,,,P/T Adult Reference Librarian,,$27.50 ,14,0,MLIS,0,,,
260,5/29/2024 8:51am,Eastern Suffolk BOCES School Library System,Library System,,,,School LIbrarian,,"$140,000.00 ",35,35,"High School Only,Bachelors Only,MLIS,Other Masters",1,,,
151,5/13/2024 12:28pm,Copiague Memorial Public Library,Public Library,,CMPL Salary Survey 2024.xlsx (https://v5.airtableusercontent.com/v3/u/30/30/1720850400000/tPv2JedSVAJUrqsQwxyWmQ/q5Jyx2jy4AE4AQMxIb1Wx6_YNGnmsNvOnhAPaFxueqDjz5dE3OHuBgtyyXMKkbnjBwS6Yii12MP2lYETht79mTDJfyjTndZxouQxrHQK0FEfUGSM7K4Y5NGkgf8lMyCsihnDXoeC3C6pkCVb3_CJSPBZAPrqk9_fm1G3dwpP4NU/4Z5chm8SQbSJpI3aJzrcXTmZRu2kxz-GTQnbll5uv_s),,,,,,,,,,,
152,5/13/2024 1:08pm,Mattituck - Laurel Library,Public Library,,MATT Salary Survey.xlsx (https://v5.airtableusercontent.com/v3/u/30/30/1720850400000/ZiRu5WpvtiAuyBZoSNYXfA/NG5lMNhTnpEUt__UVTS95cyEL7lkyir_-7NzuR0Mb_m0_K2pdVflHFg_BzoPyHObpi54_GR1fh6g6Sq19uPt5OnQImlzJ6EaJUC4v0N32Yk9D5Fq7bF4bhnnJDXBjAi7KXIn3JJs2aNr_cgcIaUPVI7gs8hTNMoSxqzga87Cq1o/tymhWdV0Kl7yQj6pt4hYU_gHwyIA4OW3dkNJ_ezuxD0),,,,,,,,,,,
158,5/13/2024 2:33pm,Hauppauge Public Library,Public Library,,Salary Survey.xlsx (https://v5.airtableusercontent.com/v3/u/30/30/1720850400000/oR3WvNgQtN8Es5758l3-gQ/sJs6OS-rEl_vacwgsNRfVGdwGL2lVF-Q6r8Qyg8slyZry3AK9GdUeI2Cp96135sNBCv42DqAjskX3EHvrBRvx1cv6cKSIktCFwtnKMZJDgvPrkbAeWD-gN2e0SRlJwk90ENAZnOP2fC4xB8loIeqXEjeo03_wIk8FyjSCcpegZk/CjbWS50iBGQD7dS7BOrN2yZFov6o32Koy81RvOlGi04),,,,,,,,,,,
166,5/14/2024 11:02am,Emma S. Clark Memorial Library,Public Library,,LILRC Salary Survey 2024.xlsx (https://v5.airtableusercontent.com/v3/u/30/30/1720850400000/ySR8gHGe26GgM0MXF5Gbxg/lt8fsiViTZtMbaaT6zJRTUDtXQVBcGxfreqUFAB7IY5xl5LtodAokCsqGC_gXeLq3NcnGdV5VQ3xz5TO64B3cXnuuzoneo-bTQO3VmQy6MTq2Rp6oV6hmSLJ6DW07yOR8hPgasrCjyO74fw28-W5PixOVkyTXFNTqnpkQqeWxdybu1EwXK7IxZiYJlciyio_/8VJfvHcOSQRSdXSpFM9YqLEQ1tMQGC1nrFYmMv142YU),,,,,,,,,,,
167,5/14/2024 11:48am,Babylon Public Library,Public Library,,Salary Survey May 2024.xlsx (https://v5.airtableusercontent.com/v3/u/30/30/1720850400000/cV2gVz62D1ufpt-DLCwUZA/EI8iGuS0xaP1xCw7W2Uv4_bSLo-SKjO_0Jm2aKFHPAafMdV3wswdrniRyIMRp1HIrcNTSFLZnKbQO0a1VtRjz90ue0Gr3C06_ek_f0Pct86XT06v98GYT8sj9z9nfu1aDr3Hm7b0zonOIB8qY6ur2Z5IfkVCM8AZYWCT9Xc7KMw/dNCI2jaUeFYmwgGj2CLF7KYApbAD6UUCgJzAOSfxYMw),,,,,,,,,,,
168,5/14/2024 1:21pm,Smithtown Library - Nesconset Branch,Public Library,,"CBA New Tier-NON-Prof (Hired after 1-1-18) 2022-2023 FINAL.pdf (https://v5.airtableusercontent.com/v3/u/30/30/1720850400000/6c0d-_lqEyE2nAWQehiOvg/8OoNgkl0IPc-dG3oTu4O2ma_3uq2ALmWvVxSSZ5bOFujUmJD7336j96NnC9BD3ABecYbDNU-X58oBo2d1LqM7FK35SseN1yg_MBxZBKkKDKuf1FyZq-p5LA1Mg3KXlK7HWizBDGvqYHiFtuiNWLjpEp9cvpntHEKPPJYc76yWoFt-hD5piSzWz7SsftTFelKlfrLenqAJixNy0aCtDkgtA/Sz5huJTOpAt60zYUaWgdEoQtSo0_RAEWflBIf0TNDCY),CBA New Tier Professionals(Hired after 1-1-18) 2022-2023  FINAL.pdf (https://v5.airtableusercontent.com/v3/u/30/30/1720850400000/9XVZyA1Vp-QHqV8Duq5ahQ/zYb_VBv2aYu8tQIhekerCNWmZ494jhQ7cvQHB8w-mq83uuoGwPgLGYyLvzDczv7LgViAVeZjYTp1b-KfASwSVSHuMccqvRpfki4wHL0cetclHsRDbFSKJOtq3DUe7AVaQ-kjZXDklVshMF9RE8isFAqnOsrjNamJ0ZqFg0J53CjpfKNdn46puWM55nMfHssq-Xr-cE_kJDaJrv11ck5tew/3m30sKds5tcwSGmuXeNIc-sZhKhT-XGRIk8yflTYSaA)",,,,,,,,,,,
169,5/14/2024 1:43pm,South Country Library,Public Library,,LILRC Salary Survey (1).xlsx (https://v5.airtableusercontent.com/v3/u/30/30/1720850400000/Fa46ZPG_jdw9jQ262Y5yAg/jDGwKos-fpFV-HpE6quMJpV44wFcyG8NcGCOBtWj1CG_7a80bhdvWuydvETqB2goWk3dyOZzyrjKnDBA6bVQX5s5rVspsLB7KHKud51PXICWL0WV1QP1cIi6a0JseV6TLvDPmglDC-xcitLtN1ygWQgbOfZDUWr_NLizQaZi5rs/RuuBfY58aShM4DP_EWAVwpkGv4FZpKcuwrLX6OuG9KE),,,,,,,,,,,
172,5/14/2024 3:59pm,Wantagh Public Library,Public Library,,Salary Survey.xlsx (https://v5.airtableusercontent.com/v3/u/30/30/1720850400000/OYjrnq8zBzRZtDrPR11aOw/_C24PE2LkxaxKAyN2HTZxVRFVbfIS2chMe6pU2etxM5wS6zy8UuQi-BReecWsM4Ef22natw2t66XjEWgwcdDrqtmP69K5r7kCgeIlN5g2pBD0bUxth09ZKSblMmOCSOl6uhq7LnYvBeal9bOO_o_pHv7c7NpuwJaz3UQqqjsl7U/KNN5fOWDeTs2kDI6uyJpRiLLYDwdnP_sxJZEEq_BL2g),,,,,,,,,,,
173,5/14/2024 5:08pm,Connetquot Public Library,Public Library,,Connetquot Public Library Current Salary Ranges 2024.xlsx (https://v5.airtableusercontent.com/v3/u/30/30/1720850400000/wVgwu6FpW3tm7sRzfTgm7w/K1W4DSq7KD1lv32HQfERU11FJFv0P2vsY7oPEWruHq3JLFPBe2cSO0gcsnnqsFeOTDLmSlsylBSgLnCWYfM76vdOY1GUeRRL-_bcno8GgTyJdDMoMehONglnR-7tdJsw8SiMCbswHzNauLldxkEvFYfV5gS74Hrs6EBdf0M8fKUTmpmnSO6lzRlvqEguJfPX0997ZVVz33PY99AEXB8UHQ/SLtlXC-d_NWJoqBCajMPK5O0f_Hn2SP_wuh0v8RowrI),,,,,,,,,,,
175,5/15/2024 4:03pm,Bryant Library,Public Library,,Salary Survey-2023-2024.xlsx (https://v5.airtableusercontent.com/v3/u/30/30/1720850400000/SUDo91lozR1Ir9I1mb3Suw/_Dymhf25GVHOQW-NMVtWKzbYjC8kgWPEagA6WzaVjO-iaCSue6FE-bPMGMvYllOjldMHADSoRX2Bmd2iJb2c2ClQ_b-YyF-1i8u5AzyTd-qFDjsQRdUCSV0Cwx1TxX8aEQhBdLa7m5kVTd6JYh6hSlNPkeNQhx92QOoa-vAIHGfpTnYjVR5e1Wy_ViKUeDU-/9zSKS0lA-6gcy1JPxYD9JS4KBAANooYKFQ3L39BwNxw),,,,,,,,,,,
176,5/15/2024 4:15pm,Oyster Bay - East Norwich Public Library,Public Library,,Salary Survey current salaries 2024 June.xlsx (https://v5.airtableusercontent.com/v3/u/30/30/1720850400000/lByms86Oqx1PMXba5Wcw2A/qMevHuMl1wEd96O9rdjYYmUOvaucJuFGf195vBei1OhB3QPGdnH8fbvyTJ8haG8zSH9G0VgjNylyc5Z9qyKKeMeZwTeG7dreQXRxchCj5vGYO2qXlqKGtyd71Od503hN9c82jdFQzaYoE8umnbrdn-yi0P1Edhw_H-LBvXmU7L4LwaDsUcrwfnGvuVyHT1Ly/m0uVuKb8PYbJdEjf6vXTv8Fl-k6FTxtsn-UUjLB5_ls),,,,,,,,,,,
178,5/16/2024 3:20pm,Peninsula Public Library,Public Library,,Salary Survey(3).xlsx (https://v5.airtableusercontent.com/v3/u/30/30/1720850400000/Bt0US_XG4zNK3IRnmS2Cjw/0wLCHJl_nMqOW5w5gMivKCrfP6p67AWpblXg8xZLTxxWPW9_QLA3H31U06si9IEosniWD8j2KqHd2JyNw7QuiyR_s2hywZSoL_VwxRsEUZOByFl0xbozyhyaZxx4mbAgyCdjr2zryukNzX28oKWMB8dFBCVolydww2OJ3LcqfjY/dnTQEdDkofYHRlnJA3KEbaDERuNZvcUm73FKllEIYzI),,,,,,,,,,,
179,5/16/2024 3:47pm,Bellmore Memorial Library,Public Library,,LILRC Salary Survey 2024.xlsx (https://v5.airtableusercontent.com/v3/u/30/30/1720850400000/8NlDr3kVkq6Swp_StVh_Kg/WIMHhIV0y28rXd2yFT7NxztKhJGqbxDXmuSLlIuy7EA8e3YGOPFR12qf0jUMx9aJ5pjlPFMiRhA270jYzhM7zl3Q4SggXUjb7mqwp0AofF8BqzyWyJboLeLv-Rl7oN2YBBPtejVttvslUUeq8WjZ-XvcgYaxK_sPm6jMfGk07yJ1N49cQcFa2LWEIBfQzH4y/cDHcKWjsSo2G4Zs4GBo-hynnHLHP9g2KgmI7s3yZZ8A),,,,,,,,,,,
190,5/20/2024 1:18pm,Bethpage Public Library,Public Library,,Bethpage Salary Survey 2024.xlsx (https://v5.airtableusercontent.com/v3/u/30/30/1720850400000/2VbOh9x0_OurdhY_MBOecA/wXPGV2YvAt8gTcy_wwoFC5Ma5qjnEx0-zuIXLjfjPTRXElerLCrJYcEL3Qnd9BdAL9t2EZJb4fggQLxqEGqay76yr70uvbvfmliRXecNtxERWoT-2eONQhIwWLgwSeP76HEOz5J2Qxm0QuOUIea5CAotmobqBgJ-PaUxVphnlKYuv_PvT88TOSqWklkz5W9y/jLdACCt9kEwBmw4icxO8lrQpd4rk3gtNSHZruLmQwSA),,,,,,,,,,,
194,5/22/2024 11:11am,Longwood Public Library,Public Library,,Longwood Salary Survey data for LILRC 2024.xlsx (https://v5.airtableusercontent.com/v3/u/30/30/1720850400000/tuboyZZ7GtXjsAPn2MVpUg/tfk6p2P8fhc8YK-g5rLg94NCAbwuRKKs7Vh1PIiqj8Av1RuKvTG7O0M8HCYxopr56G4YBf71DIWVI35A5h8taVaNQbon3ztmV9WMEEZYMpAm75Z5RsJOWodZAmqs5tYkKPk0ouc249pQuPzYPFdc7YrQYyGFLCCClOsNxl4fw1yJWtmP-bkuwx7HVbDfkqRS/4vtd267aRFgiNm7cUo9FeNVfehx58YdV4_hIwYtl8VQ),,,,,,,,,,,
195,5/22/2024 2:02pm,Island Park Public Library,Public Library,,LILRC Salary Survey.xlsx (https://v5.airtableusercontent.com/v3/u/30/30/1720850400000/nWbHoxyRh9xOQ7cZ83tJ_A/25ELg-LUSMrtDmdQGrIdx1L4aZgYQGdSx-4dsJgPoSXQGTvG9-30nu0qCwoVEIXTRDOP53pKv3eatxuXAbk41vJsfy0xhEdSFsq8KbISVQAeYxoszurTOWWHioJUL-QEPxdIkuWPDl-pnGsAJDvLoMAgfZk8LJ3xSOSiYX0dvKk/sx_zSbszZN0s9uCRdUnU-dvbHnXSFBX-0YHnLlxxpSM),,,,,,,,,,,
196,5/25/2024 10:06am,Shelter Island Public Library,Public Library,,Salary Survey -Shelter Island.xlsx (https://v5.airtableusercontent.com/v3/u/30/30/1720850400000/dXjytXshJCUYB1SB6wltRQ/i8RxAJb7AVp8tqTqehkT2WP3u7Ey3OqwH3ZbYx5X3kJC6suU5eyGtbhjDkaGtQk272S0fRHDflGHAZSJPw42F8mE-XlMB1BFXKlihGaO69Fget8o8qBkDm2LYPxljxn4xEBozxbyfuds8MNcvzwSfcRC0W-ZJ8F2-lel0ue8seFp6YwoWPXtMenY2AZFaIY-/VkrO8Y-i1pL55r07NmoUYanIBwGpD7SDXQFLGVNw99I),,,,,,,,,,,
207,5/28/2024 9:20am,Freeport Memorial Library,Public Library,,FML Salary Survey 2024.xlsx (https://v5.airtableusercontent.com/v3/u/30/30/1720850400000/PEWxVtp55pmVNkwUiq4yhA/7Ey6AlZDzNKzjLL3Z49MMZwR58Efjt9CFWwnKesFgzOojdPLqtnLVxhnv08RlNdqQqubv5EF5GIzs_vsa6mwh1oQ76sOURn5QVeKroROVwD2quE5QFyO_Tb3MWIVudAxt4RNQWZ8lb2FWpIxfnf0siTKpaeBRM53i8hCa5RArrY/W-U-oZR2nXqy9fciS07ZwUF_NpPs3rNCNOBzcCAGCyg),,,,,,,,,,,
251,5/28/2024 11:53am,Cold Spring Harbor Library,Public Library,,Salary Survey (2).xlsx (https://v5.airtableusercontent.com/v3/u/30/30/1720850400000/PetdizUTkNt9RvoQfI1VEA/SEdHKTweT7xQo-4-3bQmG9M3G6OkTaBo_P9xRI3nwbT8k4ks_zr4K9CilluH7EvHbuLQSO77HO7gUdUYGeBBIz8CCoO45lAXEHOqWrr5g3P5OSdYtnqvCpQh2eaNjnt9bx8_K6Tz33-A4-o5j_2d3lX7rkhZZ9sTmw2Y-F4DsY0/ShAvGLq072AqOeV77kNaaCdCNDHUU5Ae9l6awAueNi8),,,,,,,,,,,
262,5/29/2024 10:35am,Hampton Bays Public Library,Public Library,,LILRC Salary Survey 2024.xlsx (https://v5.airtableusercontent.com/v3/u/30/30/1720850400000/1eieuAyTy9Rj0rRDmv23hQ/RPYL6NOze82e88BBzAIOwEeBieGxQgKZotxF-bE6PSSmogeURSU-V5v0tpDvidW2StAh0_TMsq7xN0as_MusDPxI7itW_cXbyqwCRYxguk7lwlmU5cxZUD8mje_8MiRZnoRwDUEjafc03kk3-D1_01nF6pFuqoJPBHiHYRK_DcWU4U_NNYTK5ZrBiZHJFQZ4/J4LvdWoPPM8actaiY6MgLETWPqyEbu1yNaMH1C5qZD0),,,,,,,,,,,
263,5/29/2024 11:24am,Rogers Memorial Library,Public Library,,Salary Survey (1).xlsx (https://v5.airtableusercontent.com/v3/u/30/30/1720850400000/EmtFH-HUmAHFXdhET1h0fw/BOuEe803oO3IG-8Tpz7cy0lFQxj0mCknxqW84l9Oz4dtg_TGAgJRXetvJSdeBVLBK7GbscAmaIAuWZjpi1EGH4ezmv6gEBj1avAcbN-SNqJurk66N1DyjZeQRRY8O8zjTD90hQI0zUW1YbswrddnvDAhQpYSyZFlR-IIsw5-9L4/-A1ZIw-Cue2sLaWv94y78HACwVype51AsKgYV7Sy56M),,,,,,,,,,,
264,5/29/2024 1:32pm,West Babylon Public Library,Public Library,,Copy of Salary Survey.xlsx (https://v5.airtableusercontent.com/v3/u/30/30/1720850400000/yErhEac7egFHI2Wgq-ZjYw/X55YPi67PsP_H2DUavDIzsop3FX90HuQjyNDP2jiVE8blRVssPaclWVheoN2ZBCap2aofR6u3ReTgoaTk6j3m-Jd9WNfvZ0h87wbBUU04DD291eVacudvWlCpu3ZyKoea0286LyGVRWNxtUzGBo7YNzsLGipTFBMrrb2vDg0QhE/-tCuhmZ46C_9g94dY_6RWEdcP6nC5SEmxWdGHzllQ08),,,,,,,,,,,
265,5/29/2024 2:01pm,Montauk Library,Public Library,,Copy of Salary Survey.xlsx (https://v5.airtableusercontent.com/v3/u/30/30/1720850400000/oFcPYmy6KzI0gbIPxxl3fQ/LcZp8RpyZKC5mU3ZlRxfTzRe_3upo_dwcznZ9Gay9MgyOD1Bfdg2Tc3iuT9gcDll3cNy6slJItC_Vs3uni1V4dY0-rWUor0JhNaSuJgR5Gi0TAJZkVRzDMaFQNfIcf_9XJ6LFLhfpRgyXpTHBSBFufQ0qYxHzrDEMlgUcOIY5JY/DGcsZ3wdyRhGSujwBwecaIpA72ST_FGnj0oe1gY2JkQ),,,,,,,,,,,
266,5/29/2024 3:21pm,Westhampton Free Library,Public Library,,Copy of Salary Data 2024.xlsx (https://v5.airtableusercontent.com/v3/u/30/30/1720850400000/0wwJ98fOCTAUYbao9_c0iw/gJG9cVJKhZPjm6egEmmhI1A2Uoscw2EbbHry7uWlfokWbr2QXJyEwXd29w8Ejj2Msummi2f4x9q-bfetAB17S6LmT_JwtNMrbVCVyv5V3z_Cd19yLKXKzb16U3otklzTn2cSoeE7pQbmYK32IHfVVoMJ4iQDRbjyCzNZ9AtJGw0/GL2y06aP6jVSSkQfDE-83CoW9FRKurzexjHhkG7iaC8),,,,,,,,,,,
267,5/29/2024 3:30pm,Sea Cliff Village Library,Public Library,,Salary Survey Sea Cliff Village Library.pdf (https://v5.airtableusercontent.com/v3/u/30/30/1720850400000/GK6wXCUb-Xq52iflB3suaQ/xrj3aYCEtYKwWVwmFvWfyAx7CFlqgO_L3fj7ld91EAEEj3h2h3jsO3wkXI6Yx3VjO5iK8GTR0zfZD0AEw-kuzWT0q114L-1IkNOzh8Hcg42vC2WKopG32DfqiMrfra5qlRPtYmEme_i56-2ZRUAM1FHcu6f5y0gyzrlkrKKC-KYQ_ZKueA4_byQjuEpx2l9V/zK0blZpLD5dFtb9da1tzn-O866sU76To2ND903pU4PQ),,,,,,,,,,,
268,5/29/2024 4:16pm,Hampton Library in Bridgehampton,Public Library,,Salary Survey 2024.xlsx (https://v5.airtableusercontent.com/v3/u/30/30/1720850400000/z_cWAcctUZiY8ko7nshseA/f8hjhlv3kfRlD_CA9szujPxfYU7puUo6C1ChOgpS-Apx567mbx_0bSY5mJPxwJmyWYrMGnY09VSiufg0fl_WEmJVaOhCJX2ElW_7tgIJPInqUegJMZMMKfks6JgrpP9VuwOI2ct0VGHm_t1GtFqHc8t9g_jNccN14DIth6k9QB8/SblVvDSltZo5UkqFlW2F2GbZRXd5LIDoX00LrGjc6KA),,,,,,,,,,,
269,5/29/2024 4:26pm,Amagansett Free Library,Public Library,,Copy of Salary Data 2024 - public_libraries.csv (https://v5.airtableusercontent.com/v3/u/30/30/1720850400000/j94O1_e1gzDrGRGowDuqGg/DE2mjJRc-3yDE5M84fOh7KGc-2zz2DO6DS0g14YnFOERRlL76FoS9mN6U7j5EvOIjKvJJ2JWZpd0HIbweFnBPx6LcFxDdnroJrElmD2-JjSd1GOfdVq7wCcedQvL_Kddl9eHs1Y7MV0jNlmyGUsp8oh2IK0rSkTqeZlKv8DD1UGvIeS2LgWdLJx2rczrFztD/T75n1CM0JVsLgrZXN4qLAtLW881x8UNMgUnUJ61PH68),,,,,,,,,,,
273,5/31/2024 10:31am,Middle Country Public Library,Public Library,,Salary Data 2024.xlsx (https://v5.airtableusercontent.com/v3/u/30/30/1720850400000/QJMI6q_gBZIaEe8_a9cFPg/qQL20QWZDEO2qre3S28h_q0z8r4lAswf9H3l5CmquAtFj1V8_yi9n_-9Rp_4erbDk-Tfjdwkm-Fd2MZXs984GK86aV0ZG0Qoh6bNsTgaP3kjSHWyiDqQB_bLoBLFMIOYmhMGzJhgSSo7xwoef4QK0VdsY2lmitHJ224AuliL3iM/b9HmMXxAaRo8wFX5opGpxUXusJsUT27X0_8sDo6JKsk),,,,,,,,,,,
274,5/31/2024 10:55am,East Islip Public Library,Public Library,,Salary Survey COMPLETE.xlsx (https://v5.airtableusercontent.com/v3/u/30/30/1720850400000/LK6Y3MjzPggm6gbvBv4WiA/FQ9J72eRBUQ0O_pZH9J2lXys_ob5WRL3FrRSRNXpiqhMKYqYWJEYRBET1ttAJ4JsQ5b7vG-qftUcBzRKYyV3yhwW7oMQEkTeCTRal7Z6C_MQCvP82oEsj6qvydada91tO5xJyrTjc8Zmou7qZuzSk0wAPnGCizaVUhjDBTFdu9Y/Kn1wrFD3GvhUDlNL2H-_WuQnsRXEs_fH22d5yTM3buA),,,,,,,,,,,
275,5/31/2024 11:31am,Rockville Centre Public Library,Public Library,,Salary Data 2024.xlsx (https://v5.airtableusercontent.com/v3/u/30/30/1720850400000/ae4Yv0O4KBDOJ3fdrFgJuw/QQs4myVsmEcMJXhFN7D_fGH2rMK4lki60YaS6Ue75uBYL547c5_YuogIb1h_-8f6h5YlOF1SFh77N9yzS7VldHNCT5UgeTvdFVOXbadmsqqTsQeCKYN1Rd2Z-SgmLsE4UiKYsRWfhJJ8OLsN6yvVg4MXN9Xhuii1ZhQ4nKAR9vs/0zvuKQrBlNRXP4iiwU2wJmjwFiSW8Tk95JLswK7iX3c),,,,,,,,,,,
276,5/31/2024 4:06pm,Mastics - Moriches - Shirley Community Library,Public Library,,2024  LI Public Library Directors Salary Chart.xlsx (https://v5.airtableusercontent.com/v3/u/30/30/1720850400000/oiQySieaPhoATZz_p5SNgg/y-rW_o8vzSmE50IQAuakvTd2p242gBAmPyA9n5GASJe2GlWDGbL_mCC9L56KhvO-g9VLZC9odmJu79Fm3pgc-7XihON0k6RJLI5w5W2NJqmNduo2HNdJNAn1crAgvULl36W02GtdYuMilzTensi99qEuFSOQixvj4o4mCRAY1-ArxUw1S25tcC509tfOCVX_pBkbn54iSStntzCpAEbJGQ/gg6K5KGgCdJT5zqkBL1MIhCXh58FBC0f5WOX0qtsxZg),,,,,,,,,,,
277,5/31/2024 4:56pm,Lindenhurst Memorial Library,Public Library,,Salary Data 2024.xlsx (https://v5.airtableusercontent.com/v3/u/30/30/1720850400000/-OprcNceLosVRUvBxPVx7A/hTsgYHW9ujaGlQzEc-H-F4HC9cWlW69Jm8EiU1bxUPpJOSa7e760JraPjqbK8DQu8QZUQzCBC6nwBp4DEPpfIrtiDahJm37T7Mv5DNMCUCKLvDrWTgmUPJJTDI1LjrANmHlD2cJq79FD1Wiyc3gH89Hd_77or_FcQBpxwjp1W4Y/Qj3xvRhXKii-tAXSqmMf5ZZSuwwVYdgDGx_AtKQIYrE),,,,,,,,,,,
278,6/4/2024 12:29pm,Deer Park Public Library,Public Library,,LILRC Salary Survey.xlsx (https://v5.airtableusercontent.com/v3/u/30/30/1720850400000/5aMjgCapXMKzoMwYcyFInw/mK5TUBU5V0EKPBs0qHxNe2KQR6ffrpzFx7FK8g9VkqrOw1Gq3QMcEaj8CoBnGgK1qBTDWNEnHNf6tfj3NxH8JjRQYEM1erTPljd9AfAQrLtk0hW2Y-DlaTDQqDpDuFjJyYBazhU7C4b0rGg3FTLHv2wAkMBKzAjFHOYpiSs7WxQ/fq4-9zVOwG_clPfA8sO0CW1g1tAud4K0xr9LMsTuaIU),,,,,,,,,,,
279,6/4/2024 2:55pm,North Bellmore Public Library,Public Library,,Salary Data 2024.xlsx (https://v5.airtableusercontent.com/v3/u/30/30/1720850400000/AgQnHC_XkJkoLtzuGb9bmQ/_PgHoUmf4tdV66JqvtzzvXUyA2Bi9Via4SPRROiK5ztDwFpVJ3Hu42dSvE5ZgWxuIeI1OeaxbfNsXhchpozg6HMJ2ghSJ5rPal5cVbzgynWuNVoTVARSIeQQMEIuNA2F-2U94fC1jM1VcaXZKquk4Vbq_6h97_eiw6NoKkTCW1I/aalnNH6nQTmcniJ-WWcyNufWzCBhKw-DPJ-6Axzm-b8),,,,,,,,,,,
280,6/4/2024 2:57pm,Riverhead Free Library,Public Library,,RFL salary data 2024.xlsx (https://v5.airtableusercontent.com/v3/u/30/30/1720850400000/5LM41U-3EXR3WP8JP67P0Q/awcrnuLzlP0UfIrJUFqoO8y79HuJqtSSHlQsEv9b7hQ8Q0sepCmIR_IP8nfGQdb_gNSRa2Nb9eFh2TfiZvR2GLZc_-VlgB9yyBszSUIeHI_-NPvxluFqb_amp2C6BuZLfdM8H_HoJMHUsq5fEZt_ALMPtiqtlBXbGWsygHutU84/0j48SnGA65SUzpcEHtjrXBfTqXG3qZflehe4zaUVZmo),,,,,,,,,,,
281,6/5/2024 4:06pm,Bay Shore - Brightwaters Public Library,Public Library,,LILRC Survey.xlsx (https://v5.airtableusercontent.com/v3/u/30/30/1720850400000/O5w_xcftHRzdmyQhuM_2Iw/PaTfXTIZjSqBpWsFehNIBZ1DRWBSg67TXJGRgNKYHwGL6QOF144w7YJSjcf30SbaHwH0uV-m0M1n9npA42oxwZDbIX5fiT6xhIjzZIcrpWbnfqJHUhyyHXV2qtNSxhg5p6S602n2CjzwK4FWWWARsycB-7do9wzQb7ygNTfw-3c/UvYR2xeirs77wS4oEfv1OL1OwAyKwMMfvWF6liIyaJU),,,,,,,,,,,
282,6/6/2024 1:26pm,Shelter Rock Public Library,Public Library,,LILRC Salary Data 2024 (1).xlsx (https://v5.airtableusercontent.com/v3/u/30/30/1720850400000/fTYRKHxCKcX_7S8JURRwgQ/IPKCmeI8rISXsjSYPuEU7WILpEn2K6kP3HEohtLC8rs4Cx1CygncoI72IX0JMMpLz2Gt8AAAjwqlrpMZhCB1MAMNQ1phb32Lj1PlhIXznd2zJEaHgOMVzA9Ap2qLnIlZoHyNjroLHjXHMET8GsxTkhyftGLU-WZabf60zLtwgtU/9YqgKlndDmN4-07YopjhYCuGJUQJtNenfOFDq58m0wU),,,,,,,,,,,
283,6/6/2024 3:49pm,Baldwin Public Library,Public Library,,Salary Survey  LILRC LETTER DATED 052124.xlsx (https://v5.airtableusercontent.com/v3/u/30/30/1720850400000/U5G2fH45CumobRlVUgFJHQ/5ZvgARFOhcCl9ukKpjFld0bZsIBGMx3IfC7gDw0RD0jIYnJ7g0yIaMejtTiLD_-JwSLUaDFb0PhFh3-pFKqTOpkD-gSfF77KhuYps-MGfONGw3_KfbjyUbCgRW4WwjrSklKAXWtqqDJApKYHuvUh-_DOWKafC5ZZyUO8VKrQQnIUqZFmC1MADlLdHPgz3pU7/M6Mf9KV5F_95WgoEzOuujcfrz_JWxdLzBGEwiB26kB8),,,,,,,,,,,
284,6/7/2024 12:18pm,Shelter Rock Public Library,Public Library,,LILRC Salary Data 2024 (1).xlsx (https://v5.airtableusercontent.com/v3/u/30/30/1720850400000/IosWB0oy_6N36Ax15OwEjQ/AJl3PO4BCBT70cX3M0-YwE-LXeptUrt1k5vd2GGk0U7iAE7glO7R7KzwDO_6Xxav3EYror2V9n2n9K5xAxBiM-BbrmiTpn6ENoKeJw69EjRyK6ciXdR7ySasGRN-Uj0Ntc3SEZtyAMrarEoGkyoalPSbGYVKUtQ-d_g2PRS8k5o/djzy5BQDQ9ev8XU0GasI4f2liTQ-HMFVqbEK2vHmV6c),,,,,,,,,,,
187,5/20/2024 10:41am,Cold Spring Harbor Laboratory,Special Library,,,,Electronic Resources Librarain,,"$64,215.36 ",40,8,MLIS,0,,,
192,5/20/2024 4:37pm,Cold Spring Harbor Laboratory,Special Library,,,,Librarian ,,"$67,585.00 ",35,35,MLIS,0,,,
258,5/28/2024 3:08pm,Nassau County Supreme Court Library,Special Library,,,,Principal Law Librarian,,"$150,919.00 ",40,40,"Other Masters,MLIS",2,,,
