Type,Titles (CIVIL SERVICE and non-civil service),Standard Titles,Area
Academic Library,academic reference librarian,Librarian I,Librarian
Academic Library,ARCHIVIST,Archivist,Librarian
Academic Library,ASSISTANT DIRECTOR BUDGET PLANNING AND LIBRARY OPERATIONS,Assistant Director,Library Administration
Academic Library,assistant professor,Librarian I,Librarian
Academic Library,chief librarian,Director,Library Administration
Academic Library,DEPARTMENT MANAGER,Librarian II (Dept Head),Librarian
Academic Library,director,Director,Library Administration
Academic Library,electronic resources librarian,Librarian I,Librarian
Academic Library,head of resource & collection services,Librarian II (Dept Head),Librarian
Academic Library,instructional support specialist,Instructional Support Specialist,Information Technology
Academic Library,instructional support technician,Instructional Support Technician,Information Technology
Academic Library,librarian,Librarian I,Librarian
Academic Library,LIBRARY CLERK 3,Library Clerk,Support Staff
Academic Library,LIBRARY MEDIA SPECIALIST (K-6),School Media Specialist,Librarian
Academic Library,"manager, access & user services",Circulation Manager,Support Staff
Academic Library,professor,Librarian III,Librarian
Academic Library,PROFESSOR,Librarian III,Librarian
Academic Library,REFERENCE LIBRARIAN,Librarian I,Librarian
Academic Library,REFERENCE LIBRARIAN/ASSOCIATE DIRECTOR,Librarian II,Librarian
Academic Library,senior assistant librarian,Librarian I,Librarian
Academic Library,SENIOR ASSISTANT LIBRARIAN,Librarian I,Librarian
Academic Library,SYSTEMS LIBRARIAN,Librarian I,Librarian
Public Library,1KJ CLEANER   ,Cleaner,Building/Custodial Staff
Public Library,1KJ CLEANER PART TIME,Cleaner,Building/Custodial Staff
Public Library,1KK CLEANER,Cleaner,Building/Custodial Staff
Public Library,1KK CLEANER    ,Cleaner,Building/Custodial Staff
Public Library,1MA CUSTODIAN   ,Custodian,Building/Custodial Staff
Public Library,6JF MAINTAINER,Maintainer,Support Staff
Public Library,ACA AFL AFT CLERK & CLERK TYPIST  ,Library Clerk,Support Staff
Public Library,ACA CLERK PART TIME (NON COMP),Library Clerk,Support Staff
Public Library,ACCOUNT CLERK,Account Clerk,Support Staff
Public Library,ACCOUNT CLERK ,Account Clerk,Support Staff
Public Library,ACCOUNT CLERK (CAK),Account Clerk,Support Staff
Public Library,ACCOUNT CLERK P/T,Account Clerk,Support Staff
Public Library,"ACCOUNT CLERK, P-T",Account Clerk,Support Staff
Public Library,ACCOUNT CLK ,Account Clerk,Support Staff
Public Library,ACCOUNTS CLERK,Account Clerk,Support Staff
Public Library,ACD CLERK,Library Clerk,Support Staff
Public Library,"ACD CLERK, AGA CLERK TYPIST, AC0 BI-LINGUAL CLERK, AFN BI-LINGUAL TYPIST CLERK   ",Library Clerk,Support Staff
Public Library,ACG  CLERK SUBSTITUTE            ,Library Clerk,Support Staff
Public Library,ACH CLERK PART TIME,Library Clerk,Support Staff
Public Library,ACK SENIOR CLERK,Senior Library Clerk,Building/Custodial Staff
Public Library,ACM PRINCIPAL CLERK,Principal Library Clerk,Support Staff
Public Library,admin assist,Administrative Assistant,Support Staff
Public Library,ADMIN ASSISTANT/NET & SYS TECH,Administrative Assistant,Support Staff
Public Library,ADMIN. ASSIST ,Administrative Assistant,Support Staff
Public Library,administrative assistant,Administrative Assistant,Support Staff
Public Library,ADMINISTRATIVE ASSISTANT,Administrative Assistant,Support Staff
Public Library,ADMINISTRATIVE ASSISTANT (FLK),Administrative Assistant,Support Staff
Public Library,ADMINISTRATIVE ASST.,Administrative Assistant,Support Staff
Public Library,adult program coordinator,Librarian I,Librarian
Public Library,adult reference librarian,Librarian I,Librarian
Public Library,adult services coordinator,Librarian I,Librarian
Public Library,AFL TYPIST CLERK PART TIME,Library Clerk,Support Staff
Public Library,AFT TYPIST CLERK PART TIME (NON COMP),Library Clerk,Support Staff
Public Library,AGA TYPIST CLERK,Library Clerk,Support Staff
Public Library,AGF  SENIOR TYPIST CLERK   ,Senior Library Clerk,Building/Custodial Staff
Public Library,ARCHIVIST,Archivist,Librarian
Public Library,assistant director,Assistant Director,Library Administration
Public Library,ASSISTANT DIRECTOR,Assistant Director,Library Administration
Public Library,assistant director/business manager,Assistant Director,Library Administration
Public Library,ASSISTANT LIBRARY DIRECTOR,Assistant Director,Library Administration
Public Library,ASSISTANT LIBRARY DIRECTOR ,Assistant Director,Library Administration
Public Library,ASSISTANT LIBRARY DIRECTOR (NQF),Assistant Director,Library Administration
Public Library,ASSOCIATE ADMINISTRATOR,Associate Administrator,Library Administration
Public Library,ASST LIB DIR,Assistant Director,Library Administration
Public Library,ATTORNEY TO THE LIBRARY BOARD,Attorney,Library Administration
Public Library,AUDIO VISUAL TECHNICIAN,Audiovisual Technician,Information Technology
Public Library,bilingual clerk pt,Library Clerk,Support Staff
Public Library,bilingual lib. trainee,Librarian Trainee,Librarian
Public Library,bilingual lib. trainee ft,Librarian Trainee,Librarian
Public Library,bilingual libarian asst pt,Library Assistant,Support Staff
Public Library,bilingual librarian asst ft,Library Assistant,Support Staff
Public Library,bilingual librarian ft,Librarian I,Librarian
Public Library,bilingual librarian pt,Librarian I,Librarian
Public Library,bookkeeper,Bookkeeper,Library Administration
Public Library,BUILDING MAINTENANCE MANAGER,Building Maintenance Manager,Building/Custodial Staff
Public Library,building manager,Business Manager,Library Administration
Public Library,BUISNESS MANAGER ,Business Manager,Library Administration
Public Library,business manager,Business Manager,Library Administration
Public Library,BUSINESS MANAGER,Business Manager,Library Administration
Public Library,BUSINESS MANAGER I,Business Manager,Library Administration
Public Library,business office clerk,Account Clerk,Support Staff
Public Library,CAJ ACCOUNT CLERK    ,Account Clerk,Support Staff
Public Library,CAK ACCOUNT CLERK,Account Clerk,Support Staff
Public Library,CAK ACCOUNT CLERK   ,Account Clerk,Support Staff
Public Library,CAP  SENIOR ACCOUNT CLERK  ,Senior Account Clerk,Support Staff
Public Library,CAP SENIOR ACCOUNT CLERK,Senior Account Clerk,Support Staff
Public Library,CAR SENIOR ACCOUNT CLERK    ,Senior Account Clerk,Support Staff
Public Library,CBA PRINCIPAL ACCOUNT CLERK,Principal Account Clerk,Support Staff
Public Library,CHILDREN'S LIBRARIAN,Librarian I,Librarian
Public Library,children's librarian,Librarian I,Librarian
Public Library,CIRC LIBRARY CLERK,Library Clerk,Support Staff
Public Library,circulation assistant,Library Clerk,Support Staff
Public Library,circulation clerk,Library Clerk,Support Staff
Public Library,CIRCULATION CLERK,Library Clerk,Support Staff
Public Library,CIRCULATION CLERK ,Library Clerk,Support Staff
Public Library,circulation supervisor,Circulation Manager,Support Staff
Public Library,CIRCULATION SUPERVISOR,Circulation Manager,Support Staff
Public Library,CLEANER,Cleaner,Building/Custodial Staff
Public Library,CLEANER ,Cleaner,Building/Custodial Staff
Public Library,CLEANER (1KJ) PART TIME,Cleaner,Building/Custodial Staff
Public Library,"CLEANER (1KK, 1KJ, 1KL)",Cleaner,Building/Custodial Staff
Public Library,CLEANER (1KK),Cleaner,Building/Custodial Staff
Public Library,CLEANER (1KK) FULL TIME,Cleaner,Building/Custodial Staff
Public Library,"CLEANER (PART-TIME, SUBSTITUTE)",Cleaner,Building/Custodial Staff
Public Library,CLEANER (PART-TIME),Cleaner,Building/Custodial Staff
Public Library,CLEANER P/T,Cleaner,Building/Custodial Staff
Public Library,CLEANER P/T (1KJ),Cleaner,Building/Custodial Staff
Public Library,CLEANER P/T (SUBSTITUTE) (1KL),Cleaner,Building/Custodial Staff
Public Library,"CLEANER, P-T",Cleaner,Building/Custodial Staff
Public Library,"CLEANER, PART-TIME",Cleaner,Building/Custodial Staff
Public Library,"CLEANER, PART-TIME, SUBSTITUTE",Cleaner,Building/Custodial Staff
Public Library,"CLEANER, PT",Cleaner,Building/Custodial Staff
Public Library,clerk,Library Clerk,Support Staff
Public Library,CLERK,Library Clerk,Support Staff
Public Library,CLERK ,Library Clerk,Support Staff
Public Library,CLERK (ACD),Library Clerk,Support Staff
Public Library,CLERK (FINANCE ETC),Library Clerk,Support Staff
Public Library,CLERK (LIBRARY),Library Clerk,Support Staff
Public Library,CLERK COMPET.,Library Clerk,Support Staff
Public Library,clerk i,Library Clerk,Support Staff
Public Library,clerk ii,Library Clerk,Support Staff
Public Library,CLERK P/T,Library Clerk,Support Staff
Public Library,CLERK PT,Library Clerk,Support Staff
Public Library,CLERK TYPIST,Library Clerk,Support Staff
Public Library,CLERK-ILLUSTRATOR,Library Clerk,Support Staff
Public Library,"CLERK-TYPIST, P-T",Library Clerk,Support Staff
Public Library,"CLERK, BILINGUAL (ACO)",Library Clerk,Support Staff
Public Library,"CLERK, P-T",Library Clerk,Support Staff
Public Library,clerks,Library Clerk,Support Staff
Public Library,CMNTY SVC INF ASST,Community Services Information Assistant,Support Staff
Public Library,COMMUNITY SERVICE INFORMATION  ASSISTANT,Community Services Information Assistant,Support Staff
Public Library,COMMUNITY SERVICES INFORMATION ASSISTANT (EHP),Community Services Information Assistant,Support Staff
Public Library,COMP GRAPH TEC ,Computer Graphics Technician,Marketing
Public Library,COMPUTER SERVICES CLERK,Computer Support Technician I,Information Technology
Public Library,COMPUTER SUPPORT TECHNICIAN I,Computer Support Technician II,Information Technology
Public Library,COMPUTER SUPPORT TECHNICIAN II,Computer Support Technician I,Information Technology
Public Library,COMPUTER TECHNICIAN,Computer Support Technician I,Information Technology
Public Library,COORDINATOR CIRCULATION,Circulation Coordinator,Support Staff
Public Library,CULTURAL PRGM SPEC,Cultural Programming Specialist,Support Staff
Public Library,CULTURAL PROGRAM SPECIALIST,Cultural Programming Specialist,Support Staff
Public Library,CULTURAL PROGRAM SPECIALIST (LSK),Cultural Programming Specialist,Support Staff
Public Library,CULTURAL PROGRAM SPECIALIST (PART-TIME),Cultural Programming Specialist,Support Staff
Public Library,CULTURAL PROGRAM SPECIALIST P/T,Cultural Programming Specialist,Support Staff
Public Library,CUST WKR II,Custodial Worker II,Building/Custodial Staff
Public Library,CUST WKR III ,Custodial Worker III,Building/Custodial Staff
Public Library,CUST WORKER I,Custodial Worker I,Building/Custodial Staff
Public Library,CUSTODIAL WORKER,Custodial Worker I,Building/Custodial Staff
Public Library,CUSTODIAL WORKER I,Custodial Worker I,Building/Custodial Staff
Public Library,CUSTODIAL WORKER I - PART-TIME,Custodial Worker I,Building/Custodial Staff
Public Library,CUSTODIAL WORKER II,Custodial Worker II,Building/Custodial Staff
Public Library,CUSTODIAL WORKER II ,Custodial Worker II,Building/Custodial Staff
Public Library,CUSTODIAL WORKER III,Custodial Worker III,Building/Custodial Staff
Public Library,custodian,Custodian,Building/Custodial Staff
Public Library,CUSTODIAN,Custodian,Building/Custodial Staff
Public Library,CUSTODIAN ,Custodian,Building/Custodial Staff
Public Library,CUSTODIAN (1MA),Custodian,Building/Custodial Staff
Public Library,CUSTODIAN I,Custodial Worker I,Building/Custodial Staff
Public Library,CUSTODIAN I ,Custodial Worker I,Building/Custodial Staff
Public Library,CUSTODIAN II,Custodial Worker II,Building/Custodial Staff
Public Library,CUSTODIAN II ,Custodial Worker II,Building/Custodial Staff
Public Library,CUSTODIAN III,Custodial Worker III,Building/Custodial Staff
Public Library,dept. head,Librarian II (Dept Head),Librarian
Public Library,digital technician pt,Information Specialist I,Information Technology
Public Library,director,Director,Library Administration
Public Library,DIRECTOR,Director,Library Administration
Public Library,DRIVER MESSENGER,Driver Messenger,Support Staff
Public Library,ECK INFORMATION SPECIALIST I,Information Specialist I,Information Technology
Public Library,EDUCATION & COMMUNITY OUTREACH COORDINATOR,Education and Community Outreach Coordinator,Librarian
Public Library,EHP COMMUNITY SERVICES INFORMATION ASST.,Community Services Information Assistant,Support Staff
Public Library,ENRICHMENT & LIBRARY SERVICES ASSISTANT,Community Services Information Assistant,Support Staff
Public Library,ENTRY LEVEL LIBRARIAN/LIBRARIAN TRAINEE,Librarian Trainee,Librarian
Public Library,FOP BUSINESS MANAGER   ,Business Manager,Library Administration
Public Library,ft clerical asst,Library Clerk,Support Staff
Public Library,ft clerk,Library Clerk,Support Staff
Public Library,ft lib asst,Library Assistant,Support Staff
Public Library,ft lib. trainee,Librarian Trainee,Librarian
Public Library,ft libs/programmers,Librarian I,Librarian
Public Library,full time clerk,Library Clerk,Support Staff
Public Library,GRAPHIC ARTIST,Graphic Artist,Marketing
Public Library,GRAPHIC MATERIALS DESIGNER,Graphic Artist,Marketing
Public Library,GROUNDSKEEPER I,Groundskeeper I,Building/Custodial Staff
Public Library,GUARD,Guard,Building/Custodial Staff
Public Library,handyman,Custodian,Building/Custodial Staff
Public Library,HEAD CLERK ,Head Clerk,Support Staff
Public Library,HEAD CUSTODIAN,Head Custodian,Building/Custodial Staff
Public Library,HEAD CUSTODIAN ,Head Custodian,Building/Custodial Staff
Public Library,HEAD CUSTODIAN (1OP),Head Custodian,Building/Custodial Staff
Public Library,HEAD CUSTODIAN I,Head Custodian,Building/Custodial Staff
Public Library,"head of adult & teen services (librarian, 2nd in command)",Librarian II (Dept Head),Librarian
Public Library,head of adult reference,Librarian II (Dept Head),Librarian
Public Library,head of adult services,Librarian II (Dept Head),Librarian
Public Library,HEAD OF BUILDINGS & GROUNDS,Head of Buildings and Grounds,Building/Custodial Staff
Public Library,head of cataloging (clerk),Head Clerk,Support Staff
Public Library,head of children's & family services,Librarian II (Dept Head),Librarian
Public Library,head of children's department,Librarian II (Dept Head),Librarian
Public Library,head of circ,Circulation Manager,Support Staff
Public Library,head of circulation (clerk),Head Clerk,Support Staff
Public Library,head of facilities,Head of Buildings and Grounds,Building/Custodial Staff
Public Library,head of patron services,Librarian II (Dept Head),Librarian
Public Library,head of public relations,Librarian II (Dept Head),Librarian
Public Library,head of youth and family services,Librarian II (Dept Head),Librarian
Public Library,head of youth services,Librarian II (Dept Head),Librarian
Public Library,HET PAGE  ,Page,Support Staff
Public Library,HET PAGE PART TIME,Page,Support Staff
Public Library,ILLUSTRATOR,Illustrator,Marketing
Public Library,ILLUSTRATOR (6KK),Illustrator,Marketing
Public Library,"INFO. TECH. SPECIALIST, P-T",Information Specialist I,Information Technology
Public Library,INFORMATION SPECIALIST I,Information Technology Aide II,Information Technology
Public Library,INFORMATION SPECIALIST I (PART-TIME),Information Technology Aide I,Information Technology
Public Library,INFORMATION TECH AIDE II,Information Specialist I,Information Technology
Public Library,INFORMATION TECH AIDE II ,Information Specialist I,Information Technology
Public Library,INFORMATION TECH. AIDE I,Information Specialist I,Information Technology
Public Library,INFORMATION TECHNOLOGY AIDE 1 (BVO)PART-TIME,Information Specialist I,Information Technology
Public Library,INFORMATION TECHNOLOGY SPECIALIST,Information Specialist I,Information Technology
Public Library,INFORMATION TECHNOLOGY SPECIALIST I (BWC),Information Specialist I,Information Technology
Public Library,IT SPECIALIST L P/T,Information Specialist I,Information Technology
Public Library,it/network administrator,Information Technology Administrator,Information Technology
Public Library,JUNIOR ACCOUNTANT,Accountant,Support Staff
Public Library,LIB  PROJ COOR,Library Project Coordinator,Support Staff
Public Library,LIB ASSISTANT ,Library Assistant,Support Staff
Public Library,lib asst,Library Assistant,Support Staff
Public Library,LIB DIRECTOR,Director,Library Administration
Public Library,LIB I ,Librarian I,Librarian
Public Library,LIB II ,Librarian II,Librarian
Public Library,LIB III ,Librarian III,Librarian
Public Library,LIB III DEPT HD,Librarian III (Dept Head),Librarian
Public Library,LIB IV ,Librarian IV,Librarian
Public Library,LIB TRAINEE,Librarian Trainee,Librarian
Public Library,lib. trainee,Library Clerk,Support Staff
Public Library,LIB/CLK TYP ,Librarian I,Librarian
Public Library,"LIBR I (PT, SUB)",Librarian I,Librarian
Public Library,LIBRARAIN TRAINEE ,Librarian Trainee,Librarian
Public Library,LIBRARIAN,Librarian I,Librarian
Public Library,librarian,Librarian I,Librarian
Public Library,librarian ,Librarian I,Librarian
Public Library,LIBRARIAN 1 (NMF),Librarian I,Librarian
Public Library,LIBRARIAN ASSISTANT,Library Assistant,Support Staff
Public Library,LIBRARIAN I,Librarian I,Librarian
Public Library,LIBRARIAN I ,Librarian I,Librarian
Public Library,LIBRARIAN I - PART TIME,Librarian I,Librarian
Public Library,LIBRARIAN I (CHILDREN'S SERVICES SPANISH SPEAKING),Librarian I,Librarian
Public Library,LIBRARIAN I (CHILDREN'S SERVICES),Librarian I,Librarian
Public Library,"LIBRARIAN I (NMF, NMH, NMG, NME)",Librarian I,Librarian
Public Library,LIBRARIAN I (NMF),Librarian I,Librarian
Public Library,LIBRARIAN I (NMG) PART TIME ,Librarian I,Librarian
Public Library,"LIBRARIAN I (PART-TIME, SUBSTITUTE)",Librarian I,Librarian
Public Library,LIBRARIAN I (PART-TIME),Librarian I,Librarian
Public Library,LIBRARIAN I (SPANISH SPEAKING),Librarian I,Librarian
Public Library,LIBRARIAN I (SUB),Librarian I,Librarian
Public Library,LIBRARIAN I COMPET.,Librarian I,Librarian
Public Library,LIBRARIAN I P/T,Librarian I,Librarian
Public Library,LIBRARIAN I P/T (BILINGUAL SPANISH) (NMO),Librarian I,Librarian
Public Library,LIBRARIAN I P/T (NME),Librarian I,Librarian
Public Library,LIBRARIAN I P/T (SUBSTITUTE) (NMH),Librarian I,Librarian
Public Library,LIBRARIAN I PT,Librarian I,Librarian
Public Library,LIBRARIAN I SUB.,Librarian I,Librarian
Public Library,"LIBRARIAN I, BILINGUAL",Librarian I,Librarian
Public Library,"LIBRARIAN I, P-T",Librarian I,Librarian
Public Library,"LIBRARIAN I, PART-TIME",Librarian I,Librarian
Public Library,"LIBRARIAN I, PART-TIME, SUBSTITUTE",Librarian I,Librarian
Public Library,LIBRARIAN II,Librarian II,Librarian
Public Library,LIBRARIAN II ,Librarian II,Librarian
Public Library,"LIBRARIAN II (NNA, NMT)",Librarian II,Librarian
Public Library,LIBRARIAN II (NNA),Librarian II,Librarian
Public Library,LIBRARIAN II / DEPARTMENT HEAD,Librarian II,Librarian
Public Library,LIBRARIAN II / NET & SYS SPEC II,Librarian II,Librarian
Public Library,LIBRARIAN II P/T (NMR),Librarian II,Librarian
Public Library,"LIBRARIAN II, P-T",Librarian II,Librarian
Public Library,LIBRARIAN III,Librarian III,Librarian
Public Library,LIBRARIAN III (NNF),Librarian III,Librarian
Public Library,LIBRARIAN III / NET & SYS ADMIN,Librarian III,Librarian
Public Library,LIBRARIAN III/ COORDINATOR,Librarian III,Librarian
Public Library,LIBRARIAN L,Librarian I,Librarian
Public Library,LIBRARIAN LL,Librarian II,Librarian
Public Library,LIBRARIAN LLL,Librarian III,Librarian
Public Library,LIBRARIAN P/T,Librarian I,Librarian
Public Library,LIBRARIAN SUBSTITUTE P/T,Librarian I,Librarian
Public Library,librarian trainee,Librarian Trainee,Librarian
Public Library,LIBRARIAN TRAINEE,Librarian Trainee,Librarian
Public Library,LIBRARIAN TRAINEE ,Librarian Trainee,Librarian
Public Library,LIBRARIAN TRAINEE - PART TIME,Librarian Trainee,Librarian
Public Library,"LIBRARIAN TRAINEE (NMA, NMB)",Librarian Trainee,Librarian
Public Library,LIBRARIAN TRAINEE (NMA),Librarian Trainee,Librarian
Public Library,LIBRARIAN TRAINEE 0-12 CREDITS,Librarian Trainee,Librarian
Public Library,LIBRARIAN TRAINEE 13-24 CREDITS,Librarian Trainee,Librarian
Public Library,LIBRARIAN TRAINEE 24-36 CREDITS,Librarian Trainee,Librarian
Public Library,LIBRARIAN TRAINEE P/T,Librarian Trainee,Librarian
Public Library,LIBRARIAN TRAINEE P/T (NMB),Librarian Trainee,Librarian
Public Library,LIBRARIAN TRNE PT,Librarian Trainee,Librarian
Public Library,"librarian, department managers",Librarian II (Dept Head),Librarian
Public Library,LIBRARIAN'S ASSISTANT,Library Assistant,Support Staff
Public Library,LIBRARY AIDE,Library Aide,Support Staff
Public Library,LIBRARY AIDE ,Library Aide,Support Staff
Public Library,LIBRARY AIDE (NKF),Library Aide,Support Staff
Public Library,"LIBRARY AIDE, P-T",Library Aide,Support Staff
Public Library,library assistance,Library Assistant,Support Staff
Public Library,LIBRARY ASSISTANT,Library Assistant,Support Staff
Public Library,library assistant,Library Assistant,Support Staff
Public Library,LIBRARY ASSISTANT - PART TIME,Library Assistant,Support Staff
Public Library,LIBRARY ASSISTANT (SPANISH SPEAKING),Library Assistant,Support Staff
Public Library,LIBRARY ASST / PUBLIC REL ASST,Library Assistant,Support Staff
Public Library,LIBRARY CLERK,Library Clerk,Support Staff
Public Library,LIBRARY CLERK ,Library Clerk,Support Staff
Public Library,LIBRARY CLERK - PART TIME,Library Clerk,Support Staff
Public Library,LIBRARY CLERK (SPANISH SPEAKING),Library Clerk,Support Staff
Public Library,LIBRARY CLERK/OFFICE ASSISTANT,Library Clerk,Support Staff
Public Library,library director,Director,Library Administration
Public Library,LIBRARY DIRECTOR,Director,Library Administration
Public Library,LIBRARY DIRECTOR (NQK),Director,Library Administration
Public Library,library experience coordinator (head of circulation),Librarian I,Librarian
Public Library,library experience specialist (circulation clerk),Library Clerk,Support Staff
Public Library,library finance specialist,Business Manager,Library Administration
Public Library,LIBRARY MEDIA SPECIALIST,Library Media Specialist,Librarian
Public Library,LIBRARY MONITOR,Monitor,Support Staff
Public Library,library page,Page,Support Staff
Public Library,library technology specialist,Network Systems Specialist I,Information Technology
Public Library,LIBRARY TRAINEE,Librarian Trainee,Librarian
Public Library,LIBRARY TRAINEE ,Librarian Trainee,Librarian
Public Library,"LIBRARY TRAINEE, P-T",Librarian Trainee,Librarian
Public Library,LIBRARY TREASURER PT,Treasurer,Library Administration
Public Library,"LIBRARY TREASURER, PART-TIME",Treasurer,Library Administration
Public Library,libs pt,Librarian I,Librarian
Public Library,LSK CULTURAL PROGRAMMING SPECIALIST,Cultural Programming Specialist,Support Staff
Public Library,MAINT MECH I,Maintenance Mechanic I,Building/Custodial Staff
Public Library,MAINT MECH II ,Maintenance Mechanic II,Building/Custodial Staff
Public Library,MAINTAINER,Maintainer,Support Staff
Public Library,MAINTAINER ,Maintainer,Support Staff
Public Library,MAINTENANCE HELPER,Maintenance Helper,Building/Custodial Staff
Public Library,MAINTENANCE MECHANIC I,Maintenance Mechanic I,Building/Custodial Staff
Public Library,MAINTENANCE MECHANIC II,Maintenance Mechanic II,Building/Custodial Staff
Public Library,managing director,Director,Library Administration
Public Library,marketing & communications mgr.,Public Information Officer,Marketing
Public Library,mgr. technology systems & services,Information Technology Administrator,Information Technology
Public Library,MONITOR,Monitor,Support Staff
Public Library,MONITOR (WQF),Monitor,Support Staff
Public Library,MONITOR P/T (WQE),Monitor,Support Staff
Public Library,NETWK SYS SPEC,Network Systems Specialist I,Information Technology
Public Library,NETWORK & SYSTEMS ADMINISTRATOR,Information Technology Administrator,Information Technology
Public Library,NETWORK & SYSTEMS SPECIALIST I,Network Systems Specialist I,Information Technology
Public Library,NETWORK & SYSTEMS TECHNICIAN,Network & Systems Technician,Information Technology
Public Library,NETWORK & SYSTEMS TECHNICIAN - PART TIME,Network & Systems Technician,Information Technology
Public Library,NETWORK AND SYSTEMS COORDINATOR,Network & Systems Coordinator,Information Technology
Public Library,NETWORK AND SYSTEMS SPECIALIST I,Network Systems Specialist I,Information Technology
Public Library,NETWORK AND SYSTEMS SPECIALIST II,Network Systems Specialist II,Information Technology
Public Library,NETWORK AND SYSTEMS TECHNICIAN,Network & Systems Technician,Information Technology
Public Library,NETWORK SYSTEM SPECIALIST I,Network Systems Specialist I,Information Technology
Public Library,NETWORK SYSTEMS SPECIALIST II,Network Systems Specialist II,Information Technology
Public Library,NKF LIBRARY AIDE   ,Library Aide,Support Staff
Public Library,NLA SENIOR LIBRARY CLERK   ,Senior Library Clerk,Building/Custodial Staff
Public Library,"NLK  PRINCIPAL LIBRARY CLERK, AGK PRINCIPAL CLERK-TYPIST   ",Principal Library Clerk,Support Staff
Public Library,NLK PRINCIPAL LIBRARY CLERK,Principal Library Clerk,Support Staff
Public Library,NMA LIBRARIAN TRAINEE,Librarian Trainee,Librarian
Public Library,NMA LIBRARIAN TRAINEE  ,Librarian Trainee,Librarian
Public Library,NMB LIBRARIAN TRAINEE   ,Librarian Trainee,Librarian
Public Library,NMB LIBRARIAN TRAINEE PART TIME,Librarian Trainee,Librarian
Public Library,NME-LIBRARIAN I PART TIME (NON COMP.) ,Librarian I,Librarian
Public Library,"NME, NMG NMH LIBRARIAN I   ",Librarian I,Librarian
Public Library,NMF LIBRARIAN I / NMI LIBRARIAN I BI-LINGUAL   ,Librarian I,Librarian
Public Library,NMF-LIBRARIAN I ,Librarian I,Librarian
Public Library,NMG-LIBRARIAN I PART TIME ,Librarian I,Librarian
Public Library,NMH-LIBRARIAN I PART TIME SUB.,Librarian I,Librarian
Public Library,NMI-LIBRARIAN I BILINGUAL SPANISH,Librarian I,Librarian
Public Library,NMO LIBRARIAN I BI-LINGUAL   ,Librarian I,Librarian
Public Library,NMT-LIBRARIN II PART TIME ,Librarian II,Librarian
Public Library,"NMT, NNC, NMR LIBRARIAN II   ",Librarian II,Librarian
Public Library,NNA LIBRARIAN II   ,Librarian II,Librarian
Public Library,NNA-LIBRARIAN II ,Librarian II,Librarian
Public Library,NNF-LIBRARIAN III DEPARTMENT HEAD ,Librarian III (Dept Head),Librarian
Public Library,NQF ASSISTANT LIBRARY DIRECTOR   ,Assistant Director,Library Administration
Public Library,NQK LIBRARY  DIRECTOR   ,Director,Library Administration
Public Library,NQK-LIBRARY DIRECTOR ,Director,Library Administration
Public Library,OFFICE ASSISTANT,Administrative Assistant,Support Staff
Public Library,OFFICE ASSISTANT/ LIBRARY CLERK,Administrative Assistant,Support Staff
Public Library,P/T LIBRARIAN I,Librarian I,Librarian
Public Library,P/T LIBRARY CLERK,Library Clerk,Support Staff
Public Library,page,Page,Support Staff
Public Library,PAGE,Page,Support Staff
Public Library,PAGE ,Page,Support Staff
Public Library,PAGE - PART TIME,Page,Support Staff
Public Library,PAGE (HET),Page,Support Staff
Public Library,"PAGE (HFA, HET)",Page,Support Staff
Public Library,PAGE (HFA),Page,Support Staff
Public Library,PAGE (P/T),Page,Support Staff
Public Library,PAGE (PART-TIME),Page,Support Staff
Public Library,PAGE (PT),Page,Support Staff
Public Library,PAGE (SEASONAL WORKER),Page,Support Staff
Public Library,PAGE F/T,Page,Support Staff
Public Library,PAGE P/T,Page,Support Staff
Public Library,PAGE P/T (HET),Page,Support Staff
Public Library,page trainer,Page,Support Staff
Public Library,"PAGE, P-T",Page,Support Staff
Public Library,"PAGE, PART-TIME",Page,Support Staff
Public Library,PAGES,Page,Support Staff
Public Library,pages,Page,Support Staff
Public Library,part time clerk,Library Clerk,Support Staff
Public Library,part time facilities,Custodial Worker I,Building/Custodial Staff
Public Library,part time librarian,Librarian I,Librarian
Public Library,PART-TIME ADMINISTRATIVE ASSISTANT,Administrative Assistant,Support Staff
Public Library,PART-TIME ADULT SHELVER/PROJECTIONIST,Page,Support Staff
Public Library,PART-TIME CLERK,Library Clerk,Support Staff
Public Library,PART-TIME CUSTODIAN,Custodian,Building/Custodial Staff
Public Library,PART-TIME GRAPHIC DESIGNER,Graphic Artist,Marketing
Public Library,PART-TIME JUNIOR PAGE,Page,Support Staff
Public Library,PART-TIME LIBRARIAN,Librarian I,Librarian
Public Library,PART-TIME LIBRARY AIDE,Library Aide,Support Staff
Public Library,PATRON SERVICES MANAGER,Librarian I,Librarian
Public Library,PERSONNEL CLERK,Account Clerk,Support Staff
Public Library,pr assistant,Administrative Assistant,Support Staff
Public Library,PRIN ACCTS CLERK / COMP TECH,Principal Account Clerk,Support Staff
Public Library,PRIN LIBRARY CLERK,Principal Library Clerk,Support Staff
Public Library,PRIN TYPIST CLERK,Principal Library Clerk,Support Staff
Public Library,PRIN/CLK/LIB ,Principal Library Clerk,Support Staff
Public Library,PRINCIPAL ACCOUNT CLERK,Principal Library Clerk,Support Staff
Public Library,PRINCIPAL CLERK,Principal Library Clerk,Support Staff
Public Library,PRINCIPAL LIBRARY CLERK,Principal Library Clerk,Support Staff
Public Library,PRINCIPAL LIBRARY CLERK (NLK),Principal Library Clerk,Support Staff
Public Library,PRINCIPAL TYPIST CLERK,Principal Library Clerk,Support Staff
Public Library,PRINCIPLE CLERK,Principal Library Clerk,Support Staff
Public Library,PROCESSING LIB CLERK,Library Clerk,Support Staff
Public Library,program coordinator,Cultural Programming Specialist,Support Staff
Public Library,PROGRAM COORDINATOR,Cultural Programming Specialist,Support Staff
Public Library,programmer (no mlis),Cultural Programming Specialist,Support Staff
Public Library,proofreader,Proofreader,Marketing
Public Library,PT CAREER COUNSELER,Career Counselor,Support Staff
Public Library,PT CUSTODIAL WORKER I,Custodial Worker I,Building/Custodial Staff
Public Library,PT LIBRARIAN I,Librarian I,Librarian
Public Library,PT LIBRARIAN TRAINEE,Librarian Trainee,Librarian
Public Library,PT LIBRARY CLERK,Library Clerk,Support Staff
Public Library,PUB REL SPEC ,Public Information Officer,Marketing
Public Library,PUBLIC INFORMATION OFFICER,Public Information Officer,Marketing
Public Library,SECRETARY TO THE LIB. BD. P/T,Secretary to the Library Board,Support Staff
Public Library,SECRETARY TO THE LIBRARY BOARD,Secretary to the Library Board,Support Staff
Public Library,SECURITY AIDE (WFA),Security Aide,Building/Custodial Staff
Public Library,SECURITY AIDE P/T (WET),Security Aide,Building/Custodial Staff
Public Library,SENIOR ACCOUNT CLERK,Senior Account Clerk,Support Staff
Public Library,senior account clerk,Senior Account Clerk,Support Staff
Public Library,SENIOR ACCOUNT CLERK (CAP),Senior Account Clerk,Support Staff
Public Library,SENIOR ACCOUNT CLERK P/T,Senior Account Clerk,Support Staff
Public Library,SENIOR CLERK,Senior Library Clerk,Building/Custodial Staff
Public Library,SENIOR CLERK (ACK),Senior Library Clerk,Building/Custodial Staff
Public Library,SENIOR GUARD,Senior Guard,Building/Custodial Staff
Public Library,SENIOR LIB CLERK,Library Clerk,Support Staff
Public Library,SENIOR LIBRARY CLERK,Senior Library Clerk,Building/Custodial Staff
Public Library,SENIOR LIBRARY CLERK ,Senior Library Clerk,Building/Custodial Staff
Public Library,"SENIOR LIBRARY CLERK (NLA, NLC)",Senior Library Clerk,Building/Custodial Staff
Public Library,SENIOR LIBRARY CLERK (NLA),Senior Library Clerk,Building/Custodial Staff
Public Library,SENIOR LIBRARY CLERK P/T (NLC),Senior Library Clerk,Building/Custodial Staff
Public Library,SENIOR OFFICE ASSISTANT,Senior Account Clerk,Support Staff
Public Library,SENIOR TYPIST CLERK (AGF),Senior Library Clerk,Building/Custodial Staff
Public Library,social media/library specialist (no mlis),Library Specialist,Support Staff
Public Library,SR ACCT CLK ,Senior Account Clerk,Support Staff
Public Library,SR CLERK,Senior Library Clerk,Building/Custodial Staff
Public Library,SR LIB CLK,Senior Library Clerk,Building/Custodial Staff
Public Library,SR LIBRARY CLERK,Senior Library Clerk,Building/Custodial Staff
Public Library,SR TYPIST-CLERK,Senior Library Clerk,Building/Custodial Staff
Public Library,SR. LIBRARY CLERK,Senior Library Clerk,Building/Custodial Staff
Public Library,supervisor (librarian),Librarian II (Dept Head),Librarian
Public Library,supervisor (non-librarian),Supervisor,Support Staff
Public Library,tech assistant,Technical Support Aide,Information Technology
Public Library,tech support specialist,Technology Coordinator,Information Technology
Public Library,TECHNICAL SERVICES AIDE,Technical Support Aide,Information Technology
Public Library,TECHNICAL SUPPORT AIDE,Technical Support Aide,Information Technology
Public Library,TECHNOLOGY COORDINATOR,Technology Coordinator,Information Technology
Public Library,teen services coordinator,Librarian I,Librarian
Public Library,TREASURER ,Treasurer,Library Administration
Public Library,TREASURER (BUSINESS MANAGER),Treasurer,Library Administration
Public Library,TYPIST CLERK,Library Clerk,Support Staff
Public Library,TYPIST CLERK - FULL TIME (AGA),Library Clerk,Support Staff
Public Library,TYPIST CLERK (AFL/AFT),Library Clerk,Support Staff
Public Library,TYPIST CLERK (P/T),Library Clerk,Support Staff
Public Library,TYPIST-CLERK,Library Clerk,Support Staff
Public Library,TYPIST-CLERK ,Library Clerk,Support Staff
Public Library,"TYPIST-CLERK (AGA, AFL, AFT, AGB) ",Library Clerk,Support Staff
Public Library,TYPIST-CLERK (AGA),Library Clerk,Support Staff
Public Library,TYPIST-CLERK (PART-TIME),Library Clerk,Support Staff
Public Library,TYPIST-CLERK COMPET. ,Library Clerk,Support Staff
Public Library,TYPIST-CLERK P/T,Library Clerk,Support Staff
Public Library,TYPIST-CLERK PART-TIME,Library Clerk,Support Staff
Public Library,TYPIST-CLERK PT,Library Clerk,Support Staff
Public Library,"TYPIST-CLERK, BILINGUAL P/T (AFG)",Library Clerk,Support Staff
Public Library,"TYPIST-CLERK, BILINGUAL SPANISH (AFN)",Library Clerk,Support Staff
Public Library,"TYPIST-CLERK, P/T  NON-COMPETITIVE (AFT)",Library Clerk,Support Staff
Public Library,"TYPIST-CLERK, P/T (AFL)",Library Clerk,Support Staff
Public Library,WEBSITE MANAGER,Website Manager,Marketing
Public Library,WEBSITE MGR ,Website Manager,Marketing
Public Library,WQF LIBRARY MONITOR,Monitor,Support Staff
School Library,ASSOCIATE LIBRARIAN,School Media Specialist,Librarian
School Library,HEAD OF CHILDREN SERVICES,Librarian II (Dept Head),Librarian
School Library,librarian,School Media Specialist,Librarian
School Library,library media specialist,School Media Specialist,Librarian
School Library,LIBRARY MEDIA SPECIALIST,School Media Specialist,Librarian
School Library,"LIBRARY MEDIA SPECIALIST, HIGH SCHOOL",School Media Specialist,Librarian
School Library,library media specialist/stem teacher,School Media Specialist,Librarian
School Library,SCHOOL LIBRARIAN,School Media Specialist,Librarian
School Library,school librarian,School Media Specialist,Librarian
School Library,school library media specialist,School Media Specialist,Librarian
School Library,SCHOOL LIBRARY MEDIA SPECIALIST,School Media Specialist,Librarian
School Library,school media specialist,School Media Specialist,Librarian
School Library,SCHOOL MEDIA SPECIALIST,School Media Specialist,Librarian
School Library,"supervisor, nassau boces school library system",Director,Library Administration
Special Library,ELECTRONIC RESOURCES LIBRARIAN,Librarian I,Librarian
Special Library,librarian,Librarian I,Librarian